{"xy_sens": 15.5, "targeting_sens": 100.0, "xy_scale": 0.6451612903225806, "targeting_scale": 0.6451612903225806}